date,open,high,low,close,volume,raw_close,change_percent,avg_vol_20d
2010-06-29,1.26666,1.66666,1.1693399999999998,1.59266,281749173,23.8899,,
2010-06-30,1.7193399999999999,2.02794,1.55334,1.58866,257915884,23.8299,-0.25,
2010-07-01,1.66666,1.728,1.35134,1.464,123447940,21.96,-7.85,
2010-07-02,1.53334,1.54,1.2473400000000001,1.28,77127102,19.2,-12.57,
2010-07-06,1.33334,1.33334,1.05534,1.0739999999999998,103189435,16.11,-16.09,
2010-07-07,1.09334,1.10866,0.99866,1.05334,103873705,15.8001,-1.93,
2010-07-08,1.076,1.168,1.038,1.1640000000000001,115793095,17.46,10.51,
2010-07-09,1.172,1.1933399999999998,1.10334,1.16,60879087,17.4,-0.34,
2010-07-12,1.19666,1.20466,1.13334,1.13666,33053549,17.0499,-2.01,
2010-07-13,1.1596,1.24266,1.12666,1.20934,40200898,18.1401,6.39,
2010-07-14,1.1960000000000002,1.34334,1.1840000000000002,1.32266,62941647,19.8399,9.38,
2010-07-15,1.32934,1.43334,1.26666,1.326,56179453,19.89,0.25,
2010-07-16,1.38,1.42,1.33666,1.3760000000000001,39318148,20.64,3.77,
2010-07-19,1.42466,1.4833399999999999,1.3946599999999998,1.46066,37297333,21.9099,6.16,
2010-07-20,1.45666,1.45666,1.33666,1.35334,27378464,20.3001,-7.35,
2010-07-21,1.37734,1.3933399999999998,1.3,1.3479999999999999,18801629,20.22,-0.39,
2010-07-22,1.36666,1.41666,1.358,1.4,14435174,21.0,3.86,
2010-07-23,1.41266,1.4373399999999998,1.404,1.4193399999999998,9810735,21.2901,1.38,
2010-07-26,1.43334,1.43334,1.35334,1.39666,13836794,20.9499,-1.59,
2010-07-27,1.394,1.412,1.35066,1.37,9295125,20.55,-1.91,74326218.5
2010-07-28,1.37,1.3933399999999998,1.36734,1.3813399999999998,7007745,20.7201,0.82,60589147.1
2010-07-29,1.38466,1.392,1.33334,1.3566600000000002,9238650,20.3499,-1.78,48155285.4
2010-07-30,1.34666,1.36266,1.30334,1.32934,6402450,19.9401,-2.02,42303010.9
2010-08-02,1.36666,1.398,1.3555400000000002,1.3946599999999998,10787175,20.9199,4.92,38986014.55
2010-08-03,1.4,1.4633399999999999,1.388,1.4633399999999999,18465344,21.9501,4.92,34749810.0
2010-08-04,1.4633399999999999,1.47866,1.3900000000000001,1.41734,13811339,21.2601,-3.14,30246691.7
2010-08-05,1.436,1.43666,1.33666,1.36334,11945699,20.4501,-3.81,25054321.9
2010-08-06,1.34,1.344,1.30134,1.306,11132070,19.59,-4.2,22566971.05
2010-08-09,1.32666,1.332,1.29666,1.3066600000000002,12189839,19.5999,0.05,21523785.55
2010-08-10,1.3099999999999998,1.3099999999999998,1.25466,1.2686600000000001,19219289,19.0299,-2.91,20474705.1
2010-08-11,1.246,1.25866,1.1900000000000002,1.1933399999999998,11964749,17.9001,-5.94,17925860.2
2010-08-12,1.18666,1.1933399999999998,1.15934,1.17334,10369215,17.6001,-1.68,15635348.3
2010-08-13,1.212,1.23,1.17736,1.22134,9517695,18.3201,4.09,14145325.65
2010-08-16,1.23,1.2533400000000001,1.21744,1.252,7293165,18.78,2.51,12645117.25
2010-08-17,1.264,1.29334,1.252,1.27666,6718215,19.1499,1.97,11612104.8
2010-08-18,1.306,1.306,1.24,1.25134,9019980,18.7701,-1.99,11123022.35
2010-08-19,1.236,1.28334,1.222,1.2526599999999999,8686230,18.7899,0.11,10835575.15
2010-08-20,1.24334,1.274,1.234,1.2733400000000001,4462485,19.1001,1.64,10568162.65
2010-08-23,1.27266,1.3592799999999998,1.26666,1.3419999999999999,16320434,20.13,5.4,10692344.65
2010-08-24,1.28334,1.314,1.26334,1.28,10096110,19.2,-4.62,10732393.9
2010-08-25,1.27734,1.332,1.2373399999999999,1.32666,7549335,19.8999,3.65,10759473.4
2010-08-26,1.326,1.35134,1.3066600000000002,1.31666,6506040,19.7499,-0.75,10622842.9
2010-08-27,1.31666,1.32434,1.3,1.31334,5694630,19.7001,-0.26,10587451.9
2010-08-30,1.31334,1.346,1.30734,1.3246600000000002,10990965,19.8699,0.87,10597641.4
2010-08-31,1.31066,1.31934,1.28866,1.29866,3015180,19.4799,-1.96,9825133.2
2010-09-01,1.308,1.37934,1.3066600000000002,1.36334,7435275,20.4501,4.97,9506330.0
2010-09-02,1.358,1.416,1.35402,1.404,7305900,21.06,2.99,9274340.05
2010-09-03,1.39134,1.42,1.37734,1.40334,6521340,21.0501,-0.05,9043803.55
2010-09-07,1.3739999999999999,1.4,1.36666,1.36934,3650025,20.5401,-2.42,8616812.85
2010-09-08,1.37734,1.39666,1.37334,1.3933399999999998,4325730,20.9001,1.75,7872134.9
2010-09-09,1.4,1.40334,1.37934,1.38066,5642955,20.7099,-0.9,7556045.2
2010-09-10,1.38334,1.39534,1.3173400000000002,1.34466,5798565,20.1699,-2.61,7327512.7
2010-09-13,1.39266,1.3933,1.36666,1.3813399999999998,5410545,20.7201,2.72,7122155.2
2010-09-14,1.36934,1.4400000000000002,1.36866,1.4080000000000001,9819435,21.12,1.93,7248468.7
2010-09-15,1.39866,1.46666,1.386,1.46534,10271370,21.9801,4.07,7426126.45
2010-09-16,1.4766599999999999,1.544,1.38934,1.3960000000000001,40288198,20.94,-4.73,8989537.35
2010-09-17,1.40134,1.42134,1.32,1.34866,17976869,20.2299,-3.39,9454069.3
2010-09-20,1.3780000000000001,1.42334,1.344,1.40366,14212124,21.0549,4.08,9941551.25
2010-09-21,1.39266,1.43666,1.3780000000000001,1.38466,11939999,20.7699,-1.35,9722529.5
2010-09-22,1.39134,1.39666,1.32,1.3246600000000002,14442239,19.8699,-4.33,9939835.95
2010-09-23,1.326,1.34266,1.3,1.3039999999999998,10021140,19.56,-1.56,10063426.2
2010-09-24,1.3299999999999998,1.346,1.3099999999999998,1.34,8684805,20.1,2.76,10172364.45
2010-09-27,1.3599999999999999,1.3873399999999998,1.33666,1.36866,6278955,20.5299,2.14,10201580.7
2010-09-28,1.40266,1.4326599999999998,1.3840000000000001,1.4266599999999998,18216974,21.3999,4.24,10562881.15
2010-09-29,1.41266,1.46866,1.40866,1.46534,29541854,21.9801,2.71,11889214.85
2010-09-30,1.46666,1.4766599999999999,1.346,1.36034,32949374,20.4051,-7.17,13164919.8
2010-10-01,1.37934,1.38334,1.3539999999999999,1.37334,8986065,20.6001,0.96,13248928.05
2010-10-04,1.3619999999999999,1.41134,1.35334,1.39934,9653985,20.9901,1.89,13405560.3
2010-10-05,1.41,1.41866,1.4006599999999998,1.4080000000000001,4979040,21.12,0.62,13472011.05
2010-10-06,1.404,1.4172,1.35466,1.364,4703280,20.46,-3.12,13490888.55
2010-10-07,1.37134,1.3760000000000001,1.3559999999999999,1.3619999999999999,2115300,20.43,-0.15,13314505.8
2010-10-08,1.3619999999999999,1.386,1.35934,1.3619999999999999,4021650,20.43,0.0,13225660.05
2010-10-11,1.36266,1.3799400000000002,1.338,1.3493400000000002,2567910,20.2401,-0.93,13083528.3
2010-10-12,1.34666,1.3522,1.33534,1.3493400000000002,3658680,20.2401,0.0,12775490.55
2010-10-13,1.3760000000000001,1.3900000000000001,1.35734,1.36934,4808115,20.5401,1.48,12502327.8
2010-10-14,1.4,1.4020000000000001,1.3599999999999999,1.38334,4419300,20.7501,1.02,10708882.9
2010-10-15,1.39266,1.3933399999999998,1.35,1.36934,4272600,20.5401,-1.01,10023669.45
2010-10-18,1.3679999999999999,1.3760000000000001,1.3479999999999999,1.34866,2440935,20.2299,-1.5,9435110.0
2010-10-19,1.34666,1.3603999999999998,1.33334,1.33666,3676905,20.0499,-0.89,9021955.3
2010-10-20,1.344,1.37934,1.3359999999999999,1.37666,4686660,20.6499,2.99,8534176.35
2010-10-21,1.3739999999999999,1.39666,1.36334,1.38334,6269985,20.7501,0.48,8346618.6
2010-10-22,1.37866,1.39534,1.37,1.3813399999999998,2415315,20.7201,-0.14,8033144.1
2010-10-25,1.3960000000000001,1.39866,1.3820000000000001,1.3900000000000001,1779210,20.85,0.63,7808156.85
2010-10-26,1.38666,1.458,1.36734,1.424,9912615,21.36,2.45,7392938.9
2010-10-27,1.41666,1.4253399999999998,1.37666,1.4,5347500,21.0,-1.69,6183221.2
2010-10-28,1.426,1.43334,1.39734,1.41266,3362850,21.1899,0.91,4703895.0
2010-10-29,1.40934,1.45666,1.40346,1.456,4210230,21.84,3.07,4465103.25
2010-11-01,1.46266,1.51666,1.4206599999999998,1.42734,6836760,21.4101,-1.97,4324242.0
2010-11-02,1.4453399999999998,1.45862,1.40334,1.41666,4836975,21.2499,-0.74,4317138.75
2010-11-03,1.41866,1.5,1.41066,1.4513399999999999,5612985,21.7701,2.44,4362624.0
2010-11-04,1.50666,1.6886599999999998,1.47674,1.66,28122014,24.9,14.38,5662959.7
2010-11-05,1.6580000000000001,1.6646599999999998,1.58134,1.62934,15164189,24.4401,-1.85,6220086.65
2010-11-08,1.63334,1.66666,1.602,1.66534,7642125,24.9801,2.21,6473797.4
2010-11-09,1.66666,1.71266,1.60334,1.642,14366234,24.63,-1.4,7009175.1
2010-11-10,1.632,1.998,1.60334,1.9573399999999999,45915568,29.3601,19.2,9064547.75
2010-11-11,1.90666,1.9400000000000002,1.8219999999999998,1.869,29176409,28.035,-4.51,10302403.2
2010-11-12,1.88334,2.03334,1.87134,1.9893399999999999,40937533,29.8401,6.44,12135649.85
2010-11-15,2.01466,2.19596,2.01466,2.05334,39376993,30.8001,3.22,13982452.75
2010-11-16,2.06666,2.09334,1.8946599999999998,1.978,20215964,29.67,-3.67,14809405.7
2010-11-17,2.01334,2.05,1.9073399999999998,1.966,11255115,29.49,-0.61,15137828.45
2010-11-18,2.04466,2.04934,1.9280000000000002,1.99266,14343719,29.8899,1.36,15541515.15
2010-11-19,2.01066,2.09134,1.98,2.066,17257409,30.99,3.68,16283619.85
2010-11-22,2.10466,2.23,2.1,2.2266600000000003,22949579,33.3999,7.78,17342138.3
2010-11-23,2.2193400000000003,2.37866,2.146,2.3046599999999997,23671049,34.5699,3.5,18030060.0
2010-11-24,2.35134,2.3979999999999997,2.2889399999999998,2.36466,21374384,35.4699,2.6,18831404.2
2010-11-26,2.37334,2.4,2.3166599999999997,2.35466,5258310,35.3199,-0.42,18926177.2
2010-11-29,2.3608,2.39666,2.222,2.28866,17183144,34.3299,-2.8,19574822.9
2010-11-30,2.2493399999999997,2.35534,2.22734,2.35534,33344369,35.3301,2.91,20900203.35
2010-12-01,2.39134,2.428,2.23,2.29,19487624,34.35,-2.77,21632735.8
2010-12-02,2.26734,2.2864999999999998,2.08,2.15666,30104504,32.3499,-5.82,22857311.75
2010-12-03,2.134,2.15,2.058,2.09934,17406899,31.4901,-2.66,22321556.0
2010-12-06,2.09,2.09666,1.9706599999999999,2.02066,19115624,30.3099,-3.74,22519127.75
2010-12-07,2.03266,2.1599999999999997,2.00334,2.104,19673219,31.56,4.12,23120682.45
2010-12-08,2.16534,2.166,2.10134,2.158,9914700,32.37,2.57,22898105.75
2010-12-09,2.1673400000000003,2.18134,2.11,2.13666,6089745,32.0499,-0.99,20906814.6
2010-12-10,2.13666,2.19466,2.0753399999999997,2.10134,6440715,31.5201,-1.66,19770029.9
2010-12-13,2.10934,2.118,2.0266599999999997,2.03666,6154965,30.5499,-3.07,18030901.5
2010-12-14,2.0193399999999997,2.026,1.8507399999999998,1.9020000000000001,26503649,28.53,-6.61,17387234.3
2010-12-15,1.91134,1.998,1.9020000000000001,1.97334,11143500,29.6001,3.75,16933611.1
2010-12-16,2.0,2.06066,1.97668,2.054,11851049,30.81,4.09,16963407.8
2010-12-17,2.08934,2.1026599999999998,2.04734,2.0906599999999997,12207254,31.3599,1.79,16856584.55
2010-12-20,2.10934,2.146,2.084,2.11334,7849800,31.7001,1.08,16386204.1
2010-12-21,2.12,2.17934,2.114,2.1506600000000002,11665169,32.2599,1.77,15821983.6
2010-12-22,2.15,2.1906600000000003,2.11334,2.17534,12498839,32.6301,1.14,15263373.1
2010-12-23,2.084,2.16534,1.9946599999999999,2.006,23356874,30.09,-7.78,15362497.6
2010-12-27,1.8679999999999999,1.90534,1.6706599999999998,1.70326,139534929,25.5489,-15.09,22076328.55
2010-12-28,1.72334,1.78334,1.66666,1.76066,60848832,26.4099,3.37,24259612.95
2010-12-29,1.802,1.86734,1.76666,1.84866,49791448,27.7299,5.0,25081966.9
2010-12-30,1.84666,1.8599999999999999,1.75866,1.76666,30616004,26.4999,-4.44,25638385.9
2010-12-31,1.77134,1.81666,1.76666,1.77534,21267704,26.6301,0.49,25196545.9
2011-01-03,1.78934,1.8,1.7266599999999999,1.7746600000000001,19261259,26.6199,-0.03,25289263.9
2011-01-04,1.77734,1.79666,1.7346599999999999,1.778,17836064,26.67,0.19,25225285.9
2011-01-05,1.76534,1.79334,1.746,1.78866,21703034,26.8299,0.6,25326776.65
2011-01-06,1.78866,1.86666,1.78734,1.85866,30918254,27.8799,3.91,26376954.35
2011-01-07,1.86666,1.90534,1.8599999999999999,1.8826599999999998,33743099,28.2399,1.29,27759622.05
2011-01-10,1.8780000000000001,1.912,1.87,1.89666,20142179,28.4499,0.74,28444695.25
2011-01-11,1.906,1.914,1.79466,1.79734,25670324,26.9601,-5.24,29420463.2
2011-01-12,1.80066,1.8266,1.768,1.79734,14470829,26.9601,0.0,28818822.2
2011-01-13,1.79734,1.7979999999999998,1.744,1.748,10852830,26.22,-2.74,28804288.7
2011-01-14,1.74334,1.7719999999999998,1.7073399999999999,1.71666,17881814,25.7499,-1.79,29105826.95
2011-01-18,1.69866,1.70934,1.65,1.70934,24357584,25.6401,-0.43,29713343.45
2011-01-19,1.68466,1.698,1.58334,1.602,35572708,24.03,-6.28,31099488.85
2011-01-20,1.602,1.63,1.49134,1.508,34199369,22.62,-5.87,32226198.85
2011-01-21,1.54134,1.57266,1.514,1.536,18254114,23.04,1.86,32513962.6
2011-01-24,1.5686600000000002,1.654,1.54866,1.6326599999999998,24677834,24.4899,6.3,32580010.6
2011-01-25,1.6433399999999998,1.65934,1.60134,1.64534,19073354,24.6801,0.77,26556931.85
2011-01-26,1.64734,1.65866,1.60666,1.65,16198004,24.75,0.29,24324390.45
2011-01-27,1.64934,1.672,1.63534,1.66134,13434824,24.9201,0.68,22506559.25
2011-01-28,1.65866,1.65866,1.58334,1.6006599999999997,15732164,24.0099,-3.65,21762367.25
2011-01-31,1.60334,1.608,1.56666,1.60666,12473624,24.0999,0.37,21322663.25
2011-02-01,1.62066,1.64866,1.56934,1.594,10616865,23.91,-0.79,20890443.55
2011-02-02,1.61066,1.6119999999999999,1.57794,1.596,8542080,23.94,0.13,20425744.35
2011-02-03,1.588,1.59334,1.54334,1.57534,7681005,23.6301,-1.3,19724642.9
2011-02-04,1.5626600000000002,1.578,1.5479999999999998,1.564,8158755,23.46,-0.72,18586667.95
2011-02-07,1.55066,1.55066,1.52534,1.538,13425164,23.07,-1.66,17570771.2
2011-02-08,1.58534,1.68334,1.53334,1.6326599999999998,52577743,24.4899,6.16,19192549.4
2011-02-09,1.60866,1.6119999999999999,1.51934,1.54734,39543928,23.2101,-5.23,19886229.6
2011-02-10,1.55066,1.576,1.52066,1.54766,12540299,23.2149,0.03,19789703.1
2011-02-11,1.55,1.58334,1.5293400000000001,1.55,9549030,23.25,0.15,19724513.1
2011-02-14,1.576,1.60934,1.5366600000000001,1.53866,19251059,23.0799,-0.73,19792975.35
2011-02-15,1.534,1.54466,1.504,1.52266,14412764,22.8399,-1.04,19295734.35
2011-02-16,1.54,1.6646599999999998,1.538,1.64866,61737087,24.7299,8.27,20603953.3
2011-02-17,1.642,1.69934,1.57,1.57334,39299128,23.6001,-4.57,20858941.25
2011-02-18,1.5553400000000002,1.5659999999999998,1.5306600000000001,1.54534,35561548,23.1801,-1.78,21724312.95
2011-02-22,1.52534,1.53334,1.452,1.458,30968099,21.87,-5.65,22038826.2
2011-02-23,1.47866,1.5,1.40734,1.45534,24085619,21.8301,-0.19,22289439.45
2011-02-24,1.452,1.5053400000000001,1.43334,1.502,15831749,22.53,3.21,22271126.7
2011-02-25,1.52066,1.59,1.5126600000000001,1.5739999999999998,20208854,23.61,4.79,22609828.2
2011-02-28,1.58266,1.60666,1.56666,1.59266,15766589,23.8899,1.19,22611549.45
2011-03-01,1.60334,1.62134,1.5799999999999998,1.596,16595249,23.94,0.21,22817630.7
2011-03-02,1.588,1.61866,1.58166,1.60134,9949410,24.0201,0.33,22784257.95
2011-03-03,1.632,1.65266,1.6039999999999999,1.6239999999999999,9602100,24.36,1.42,22837258.95
2011-03-04,1.632,1.666,1.58534,1.6633399999999998,23701499,24.9501,2.42,23638283.65
2011-03-07,1.662,1.6933399999999998,1.64666,1.66266,30502964,24.9399,-0.04,24755494.1
2011-03-08,1.6400000000000001,1.664,1.6,1.644,20997764,24.66,-1.12,25134124.1
2011-03-09,1.644,1.666,1.6179999999999999,1.648,13870814,24.72,0.24,23198777.65
2011-03-10,1.62934,1.6326599999999998,1.582,1.6006599999999997,15255704,24.0099,-2.87,21984366.45
2011-03-11,1.59,1.61666,1.5686600000000002,1.60466,13961909,24.0699,0.25,22055446.95
2011-03-14,1.588,1.6,1.54666,1.55,17489564,23.25,-3.41,22452473.65
2011-03-15,1.48,1.5306600000000001,1.45334,1.53,19783034,22.95,-1.29,22479072.4
2011-03-16,1.524,1.55,1.5126600000000001,1.52134,17545139,22.8201,-0.57,22635691.15
2011-03-17,1.5493400000000002,1.562,1.50934,1.52066,13837559,22.8099,-0.04,20240714.75
2011-03-18,1.546,1.546,1.5006599999999999,1.5306600000000001,10317345,22.9599,0.66,18791625.6
2011-03-21,1.5366600000000001,1.5366600000000001,1.5026599999999999,1.51534,6174750,22.7301,-1.01,17322285.7
2011-03-22,1.51534,1.524,1.46666,1.47934,8742195,22.1901,-2.38,16210990.5
2011-03-23,1.474,1.4846599999999999,1.4513399999999999,1.48066,6341895,22.2099,0.09,15323804.3
2011-03-24,1.476,1.492,1.46534,1.4886599999999999,6932400,22.3299,0.54,14878836.85
2011-03-25,1.49534,1.53334,1.49334,1.51666,8518830,22.7499,1.88,14294335.65
2011-03-28,1.51334,1.56926,1.5033400000000001,1.55,15870269,23.25,2.2,14299519.65
2011-03-29,1.55334,1.6,1.54734,1.59466,11333865,23.9199,2.88,14036450.45
2011-03-30,1.60734,1.6326599999999998,1.534,1.58066,18358154,23.7099,-0.88,14456887.65
2011-03-31,1.77,1.914,1.76666,1.8499999999999999,172835092,27.75,17.04,22618537.25
2011-04-01,1.8299999999999998,1.87866,1.77134,1.77734,42976303,26.6601,-3.93,23582277.45
2011-04-04,1.78866,1.8,1.682,1.7219999999999998,39138403,25.83,-3.11,24014049.4
2011-04-05,1.7266599999999999,1.8,1.71266,1.78,47725903,26.7,3.37,25350456.35
2011-04-06,1.7993400000000002,1.80066,1.72,1.7659999999999998,19324454,26.49,-0.79,25623138.35
2011-04-07,1.79,1.86266,1.76334,1.8159999999999998,42161488,27.24,2.83,26968427.55
2011-04-08,1.83866,1.84002,1.75734,1.7659999999999998,29195279,26.49,-2.75,27730096.05
2011-04-11,1.76466,1.7686600000000001,1.668,1.68466,20582999,25.2699,-4.6,27884767.8
2011-04-12,1.672,1.68066,1.62,1.6433399999999998,20361014,24.6501,-2.46,27913666.8
2011-04-13,1.6753399999999998,1.71266,1.654,1.662,18171659,24.93,1.14,27944992.8
2011-04-14,1.6580000000000001,1.68534,1.61334,1.676,14750729,25.14,0.84,27990651.3
2011-04-15,1.71,1.74534,1.694,1.70534,14151764,25.5801,1.75,28182372.25
2011-04-18,1.6753399999999998,1.708,1.6239999999999999,1.66866,15508064,25.0299,-2.15,28649037.95
2011-04-19,1.6840000000000002,1.6840000000000002,1.6433399999999998,1.67734,8230395,25.1601,0.52,28623447.95
2011-04-20,1.7133399999999999,1.7393399999999999,1.68666,1.71666,12562034,25.7499,2.35,28934454.9
2011-04-21,1.72334,1.79866,1.706,1.78266,20790794,26.7399,3.84,29627374.6
2011-04-25,1.78,1.782,1.7313399999999999,1.75934,12012584,26.3901,-1.31,29802062.3
2011-04-26,1.77734,1.81666,1.7539999999999998,1.79534,20585144,26.9301,2.05,30037806.05
2011-04-27,1.79534,1.8239999999999998,1.77534,1.8053400000000002,14953514,27.0801,0.56,30218788.5
2011-04-28,1.80466,1.846,1.78134,1.844,24674954,27.66,2.14,30534628.5
2011-04-29,1.846,1.858,1.828,1.84,10895100,27.6,-0.22,22437628.9
2011-05-02,1.84,1.85334,1.8039999999999998,1.8299999999999998,11768399,27.45,-0.54,20877233.7
2011-05-03,1.82534,1.826,1.76666,1.79134,13709474,26.8701,-2.11,19605787.25
2011-05-04,1.78534,1.8,1.71666,1.7793400000000001,15707534,26.6901,-0.67,18004868.8
2011-05-05,1.81334,1.82934,1.74468,1.7626600000000001,18291734,26.4399,-0.93,17953232.8
2011-05-06,1.79334,1.84666,1.7746600000000001,1.808,14724089,27.12,2.57,16581362.85
2011-05-09,1.8,1.86666,1.79,1.86066,13744544,27.9099,2.91,15808826.1
2011-05-10,1.8826599999999998,1.93,1.86066,1.8886599999999998,23034389,28.3299,1.5,15931395.6
2011-05-11,1.88,1.88656,1.79466,1.80466,14444474,27.0699,-4.45,15635568.6
2011-05-12,1.80466,1.84934,1.77666,1.84466,9416100,27.6699,2.22,15197790.65
2011-05-13,1.86666,1.8792799999999998,1.82,1.83666,9923655,27.5499,-0.43,14956436.95
2011-05-16,1.8659999999999999,1.8659999999999999,1.77,1.7733400000000001,11334330,26.6001,-3.45,14815565.25
2011-05-17,1.8,1.8,1.7146599999999999,1.73066,18512339,25.9599,-2.4,14965779.0
2011-05-18,1.74,1.76466,1.7013399999999999,1.75666,10941105,26.3499,1.5,15101314.5
2011-05-19,1.802,1.8960000000000001,1.7733400000000001,1.88,39830503,28.2,7.02,16464737.95
2011-05-20,1.8840000000000001,1.88534,1.82334,1.86466,12638009,27.9699,-0.81,16057098.7
2011-05-23,1.84134,1.84134,1.7746600000000001,1.788,12953219,26.82,-4.11,16104130.45
2011-05-24,1.80134,1.83334,1.7733400000000001,1.78134,9205095,26.7201,-0.37,15535128.0
2011-05-25,1.79334,1.9340000000000002,1.7446599999999999,1.932,70407162,28.98,8.46,18307810.4
2011-05-26,1.92134,1.984,1.87334,1.96534,50053363,29.4801,1.72,19576730.85
2011-05-27,1.9693399999999999,1.978,1.92134,1.97,25306034,29.55,0.24,20297277.55
2011-05-31,1.97934,2.01866,1.97,2.00934,49357828,30.1401,1.99,22176749.0
2011-06-01,2.0,2.00666,1.892,1.9011399999999998,22955939,28.5171,-5.38,22639072.25
2011-06-02,1.90134,1.95466,1.9006599999999998,1.91734,14794409,28.7601,0.85,22593416.0
2011-06-03,1.9966599999999999,2.1,1.96666,2.00866,93153131,30.1299,4.77,26336485.85
2011-06-06,2.00666,2.00866,1.8840000000000001,1.9133399999999998,34976503,28.7001,-4.75,27349106.55
2011-06-07,1.92934,1.95934,1.8840000000000001,1.89134,18331484,28.3701,-1.15,27578453.55
2011-06-08,1.8960000000000001,1.90666,1.80134,1.808,25454039,27.12,-4.4,27699436.05
2011-06-09,1.82866,1.87334,1.8066600000000002,1.84134,24063299,27.6201,1.84,28180377.3
2011-06-10,1.83466,1.8865999999999998,1.82334,1.85734,23497979,27.8601,0.87,28884471.25
2011-06-13,1.87134,1.9253399999999998,1.85866,1.89534,25706414,28.4301,2.05,29673609.2
2011-06-14,1.90266,1.98,1.90134,1.90666,23599649,28.5999,0.6,30286875.15
2011-06-15,1.8960000000000001,1.89666,1.80466,1.82134,20198684,27.3201,-4.48,30371192.4
2011-06-16,1.84466,1.86666,1.716,1.76666,27631859,26.4999,-3.0,31205730.1
2011-06-17,1.79134,1.84666,1.74266,1.76666,25709474,26.4999,0.0,30499678.65
2011-06-20,1.7526599999999999,1.764,1.7,1.734,23065634,26.01,-1.85,31021059.9
2011-06-21,1.7493400000000001,1.84866,1.7333399999999999,1.83534,22448444,27.5301,5.84,31495821.15
2011-06-22,1.82466,1.88334,1.8066600000000002,1.814,22132994,27.21,-1.16,32142216.1
2011-06-23,1.81334,1.8479999999999999,1.7473400000000001,1.84734,17549849,27.7101,1.84,29499350.45
2011-06-24,1.84266,1.86466,1.81734,1.83766,54132868,27.5649,-0.52,29703325.7
2011-06-27,1.84866,1.88534,1.82066,1.83066,27140504,27.4599,-0.38,29795049.2
2011-06-28,1.85266,1.88334,1.84466,1.8739999999999999,13336979,28.11,2.37,27994006.75
2011-06-29,1.9,1.9393399999999998,1.87134,1.886,21925619,28.29,0.64,27942490.75
2011-06-30,1.9,1.95534,1.8933399999999998,1.942,14199809,29.13,2.97,27912760.75
2011-07-01,1.938,1.97334,1.92,1.93466,12822584,29.0199,-0.38,23896233.4
2011-07-05,1.93466,1.968,1.914,1.94266,14939834,29.1399,0.41,22894399.95
2011-07-06,1.94266,1.94266,1.90334,1.93066,13903334,28.9599,-0.62,22672992.45
2011-07-07,1.94266,2.0,1.9340000000000002,1.982,19917314,29.73,2.66,22396156.2
2011-07-08,1.99266,1.99266,1.906,1.9206599999999998,18608699,28.8099,-3.09,22123426.2
2011-07-11,1.8933399999999998,1.9020000000000001,1.86666,1.8900000000000001,14635544,28.35,-1.6,21680304.45
2011-07-12,1.89134,1.9393399999999998,1.86666,1.8780000000000001,15681089,28.17,-0.63,21179038.2
2011-07-13,1.89534,1.93534,1.8599999999999999,1.90934,15989129,28.6401,1.67,20798512.2
2011-07-14,1.9020000000000001,1.93066,1.81666,1.84066,17386964,27.6099,-3.59,20657926.2
2011-07-15,1.85266,1.85534,1.82666,1.83866,10634310,27.5799,-0.11,19808048.75
2011-07-18,1.82266,1.8299999999999998,1.77534,1.81534,12784754,27.2301,-1.27,19161812.75
2011-07-19,1.83866,1.8739999999999999,1.8359999999999999,1.85934,15390719,27.8901,2.42,18778067.0
2011-07-20,1.86666,2.02934,1.85334,1.91266,45725908,28.6899,2.87,19941940.2
2011-07-21,1.92734,1.944,1.87334,1.9133399999999998,15180089,28.7001,0.03,19594294.95
2011-07-22,1.9133399999999998,1.9693399999999999,1.9033999999999998,1.9526599999999998,8758020,29.2899,2.06,19154703.5
2011-07-25,1.9340000000000002,1.95,1.8960000000000001,1.89934,10102365,28.4901,-2.73,16953178.35
2011-07-26,1.8873399999999998,1.918,1.86466,1.86666,11443980,27.9999,-1.72,16168352.15
2011-07-27,1.9,1.9,1.834,1.84266,14376044,27.6399,-1.29,16220305.4
2011-07-28,1.84,1.90334,1.8359999999999999,1.8780000000000001,14080934,28.17,1.92,15828071.15
2011-07-29,1.85334,1.8933399999999998,1.83334,1.8780000000000001,14221904,28.17,0.0,15829175.9
2011-08-01,1.91134,1.932,1.88066,1.918,17472329,28.77,2.13,16061663.15
2011-08-02,1.91266,1.9466599999999998,1.8179999999999998,1.82266,23239799,27.3399,-4.97,16476661.4
2011-08-03,1.83334,1.85534,1.7557399999999999,1.81334,27019934,27.2001,-0.52,17132491.4
2011-08-04,1.7673400000000001,1.79266,1.6446599999999998,1.65,45983938,24.75,-9.01,18435822.6
2011-08-05,1.666,1.692,1.5219999999999998,1.6159999999999999,29465639,24.24,-2.06,18978669.6
2011-08-08,1.54,1.62934,1.54,1.576,39128578,23.64,-2.48,20203321.3
2011-08-09,1.6099999999999999,1.6966599999999998,1.5799999999999998,1.6706599999999998,20000729,25.0599,6.01,20419303.3
2011-08-10,1.696,1.696,1.57534,1.588,23462204,23.82,-4.95,20792957.05
2011-08-11,1.60266,1.71666,1.6,1.68666,12547259,25.2999,6.22,20550971.8
2011-08-12,1.70666,1.80934,1.69066,1.7539999999999998,15135299,26.31,3.99,20776021.25
2011-08-15,1.7746600000000001,1.78334,1.7286599999999999,1.74866,11078580,26.2299,-0.3,20690712.55
2011-08-16,1.742,1.76934,1.7219999999999998,1.74,8065320,26.1,-0.5,20324442.6
2011-08-17,1.75934,1.77666,1.7006599999999998,1.7219999999999998,9656580,25.83,-1.03,18520976.2
2011-08-18,1.66666,1.6766599999999998,1.56466,1.61734,15848534,24.2601,-6.08,18554398.45
2011-08-19,1.59066,1.61466,1.46666,1.48666,20629154,22.2999,-8.08,19147955.15
2011-08-22,1.54066,1.58666,1.4453399999999998,1.4633399999999999,14792714,21.9501,-1.57,19382472.6
2011-08-23,1.462,1.54066,1.43334,1.5306600000000001,13034519,22.9599,4.61,19461999.55
2011-08-24,1.54,1.59534,1.5219999999999998,1.59134,10263570,23.8701,3.96,19256375.85
2011-08-25,1.59134,1.59134,1.52666,1.54066,10203150,23.1099,-3.18,19062486.65
2011-08-26,1.514,1.59666,1.47134,1.582,11426340,23.73,2.68,18922708.45
2011-08-29,1.61466,1.65666,1.60134,1.64734,12049529,24.7101,4.13,18651568.45
2011-08-30,1.63334,1.65134,1.6059999999999999,1.642,5499885,24.63,-0.32,17764572.75
2011-08-31,1.65334,1.7,1.61866,1.64934,12356024,24.7401,0.44,17031377.25
2011-09-01,1.644,1.6580000000000001,1.589,1.6,12721274,24.0,-2.99,15368244.05
2011-09-02,1.57734,1.5993400000000002,1.512,1.538,11554964,23.07,-3.88,14472710.3
2011-09-06,1.5,1.54666,1.486,1.5293400000000001,12146399,22.9401,-0.57,13123601.35
2011-09-07,1.55934,1.6,1.552,1.58934,6887790,23.8401,3.92,12467954.4
2011-09-08,1.5719999999999998,1.602,1.552,1.5739999999999998,7585455,23.61,-0.96,11674116.95
2011-09-09,1.558,1.57134,1.5033400000000001,1.53134,10038945,22.9701,-2.71,11548701.25
2011-09-12,1.5,1.5539999999999998,1.4966599999999999,1.52534,8498565,22.8801,-0.39,11216864.55
2011-09-13,1.534,1.60666,1.51666,1.60534,10896915,24.0801,5.24,11207781.3
2011-09-14,1.61666,1.656,1.5859999999999999,1.62266,12461654,24.3399,1.08,11427598.0
2011-09-15,1.6386599999999998,1.662,1.6219999999999999,1.65466,8437680,24.8199,1.97,11366653.0
2011-09-16,1.6520000000000001,1.72266,1.6326599999999998,1.72,21263609,25.8,3.95,11637406.75
2011-09-19,1.6633399999999998,1.7206599999999999,1.588,1.718,17360234,25.77,-0.12,11473960.75
2011-09-20,1.732,1.7733400000000001,1.71134,1.734,17705264,26.01,0.93,11619588.25
2011-09-21,1.73,1.79666,1.7133399999999999,1.72334,14813654,25.8501,-0.62,11708545.0
2011-09-22,1.70934,1.7406599999999999,1.65866,1.7086599999999998,11640029,25.6299,-0.85,11777367.95
2011-09-23,1.69934,1.7746600000000001,1.6900000000000002,1.75866,17344919,26.3799,2.93,12134456.4
2011-09-26,1.768,1.768,1.66,1.7013399999999999,14020724,25.5201,-3.26,12264175.6
2011-09-27,1.7333399999999999,1.7993400000000002,1.70466,1.746,10116435,26.19,2.63,12167520.9
2011-09-28,1.7333399999999999,1.76666,1.6340000000000001,1.63934,10848090,24.5901,-6.11,12434931.15
2011-09-29,1.7146599999999999,1.7213399999999999,1.57,1.608,13943174,24.12,-1.91,12514288.65
2011-09-30,1.65334,1.65934,1.5659999999999998,1.6260000000000001,20040809,24.39,1.12,12880265.4
2011-10-03,1.6633399999999998,1.66666,1.55,1.582,15346949,23.73,-2.71,13069864.65
2011-10-04,1.55266,1.62134,1.52866,1.57734,18003209,23.6601,-0.3,13362705.15
2011-10-05,1.602,1.72234,1.5566600000000002,1.69134,18441209,25.3701,7.23,13940376.1
2011-10-06,1.69134,1.84,1.668,1.79734,26535389,26.9601,6.27,14887872.8
2011-10-07,1.79866,1.84,1.73666,1.7993400000000002,19673219,26.9901,0.11,15369586.5
2011-10-10,1.82066,1.87866,1.8,1.85866,13851239,27.8799,3.3,15637220.2
2011-10-11,1.834,1.85134,1.806,1.84066,8640045,27.6099,-0.97,15524376.7
2011-10-12,1.81666,1.86666,1.81334,1.85334,16850459,27.8001,0.68,15743816.95
2011-10-13,1.8419999999999999,1.898,1.82934,1.86266,15657194,27.9399,0.51,16104792.65
2011-10-14,1.86666,1.90334,1.81734,1.87,21007034,28.05,0.39,16091963.9
2011-10-17,1.85734,1.86666,1.81734,1.828,11316585,27.42,-2.25,15789781.45
2011-10-18,1.82,1.89516,1.7806600000000001,1.88934,14995349,28.3401,3.35,15654285.7
2011-10-19,1.8679999999999999,1.87066,1.82,1.838,11892749,27.57,-2.72,15508240.45
2011-10-20,1.82934,1.83134,1.8,1.82266,14994704,27.3399,-0.83,15675974.2
2011-10-21,1.82666,1.88666,1.80066,1.86866,17138249,28.0299,2.52,15665640.7
2011-10-24,1.858,1.926,1.8499999999999999,1.90334,14108249,28.5501,1.85,15670016.95
2011-10-25,1.882,1.924,1.85334,1.88334,9815565,28.2501,-1.05,15654973.45
2011-10-26,1.87934,1.89134,1.82666,1.86534,7657185,27.9801,-0.96,15495428.2
2011-10-27,1.88934,1.93,1.8739999999999999,1.91734,13040024,28.7601,2.79,15450270.7
2011-10-28,1.9,2.0,1.86734,1.99134,18974894,29.8701,3.86,15396974.95
2011-10-31,1.96666,1.96734,1.91666,1.958,17009534,29.37,-1.67,15480104.2
2011-11-01,1.89266,1.9280000000000002,1.86666,1.9253399999999998,9536625,28.8801,-1.67,15056775.0
2011-11-02,1.93334,1.9506599999999998,1.88334,1.914,13132814,28.71,-0.59,14791355.25
2011-11-03,2.0,2.166,1.96866,2.164,37659043,32.46,13.06,15347537.95
2011-11-04,2.09734,2.1599999999999997,2.0340000000000003,2.154,45496603,32.31,-0.46,16638707.15
2011-11-07,2.10934,2.13334,2.05,2.08466,18994034,31.2699,-3.22,16895846.9
2011-11-08,2.09134,2.13334,2.048,2.1226599999999998,17517449,31.8399,1.82,17339717.1
2011-11-09,2.058,2.09934,2.02,2.0586599999999997,14304839,30.8799,-3.02,17212436.1
2011-11-10,2.06266,2.1,2.0433399999999997,2.08866,11209095,31.3299,1.46,16990031.15
2011-11-11,2.1266599999999998,2.3,2.038,2.24266,58126842,33.6399,7.37,18846021.55
2011-11-14,2.2,2.2359999999999998,2.1746600000000003,2.2146600000000003,19884839,33.2199,-1.25,19274434.25
2011-11-15,2.19466,2.29334,2.182,2.262,13363574,33.93,2.14,19192845.5
2011-11-16,2.2319999999999998,2.33334,2.2268600000000003,2.32934,27497039,34.9401,2.98,19973060.0
2011-11-17,2.3,2.32666,2.21266,2.24534,20238974,33.6801,-3.61,20235273.5
2011-11-18,2.24266,2.274,2.16934,2.1733399999999996,13540934,32.6001,-3.21,20055407.75
2011-11-21,2.1626600000000002,2.1626600000000002,2.07,2.11734,15472859,31.7601,-2.58,20123638.25
2011-11-22,2.11734,2.186,2.07,2.138,10987770,32.07,0.98,20182248.5
2011-11-23,2.11734,2.13666,2.0833399999999997,2.09666,6777195,31.4499,-1.93,20138249.0
2011-11-25,2.10334,2.16066,2.072,2.11066,3593925,31.6599,0.67,19665944.05
2011-11-28,2.13334,2.21866,2.12066,2.17066,10216860,32.5599,2.84,19228042.35
2011-11-29,2.166,2.2046599999999996,2.10866,2.11666,8865810,31.7499,-2.49,18820856.15
2011-11-30,2.16666,2.1953400000000003,2.1479999999999997,2.18266,11414475,32.7399,3.12,18914748.65
2011-12-01,2.17134,2.266,2.132,2.1733399999999996,15451619,32.6001,-0.43,19030688.9
2011-12-02,2.18866,2.246,2.1599999999999997,2.2199999999999998,12040769,33.3,2.15,17749775.2
2011-12-05,2.23534,2.33334,2.2286799999999998,2.29466,17400749,34.4199,3.36,16344982.5
2011-12-06,2.2800000000000002,2.332,2.26874,2.32466,14277149,34.8699,1.31,16109138.25
2011-12-07,2.3086599999999997,2.326,2.25334,2.27934,10113660,34.1901,-1.95,15738948.8
2011-12-08,2.056,2.11,1.974,2.05934,49589173,30.8901,-9.65,17503165.5
2011-12-09,2.036,2.07466,2.01866,2.06934,18591659,31.0401,0.49,17872293.7
2011-12-12,2.02934,2.04134,2.00134,2.02734,11379855,30.4101,-2.03,15534944.35
2011-12-13,2.038,2.062,1.9274,1.9633399999999999,14910224,29.4501,-3.16,15286213.6
2011-12-14,1.96666,1.9786599999999999,1.86666,1.9020000000000001,17457599,28.53,-3.12,15490914.85
2011-12-15,1.91134,1.9446599999999998,1.87466,1.9080000000000001,10503915,28.62,0.32,14641258.65
2011-12-16,1.9193399999999998,1.92866,1.86534,1.86666,15444074,27.9999,-2.16,14401513.65
2011-12-19,1.87266,1.9,1.82466,1.8499999999999999,14804279,27.75,-0.89,14464680.9
2011-12-20,1.87,1.89666,1.84766,1.8599999999999999,12665714,27.9,0.54,14324323.65
2011-12-21,1.86066,1.87134,1.73534,1.838,25587104,27.57,-1.18,15054290.35
2011-12-22,1.84,1.87,1.82,1.85134,15147029,27.7701,0.72,15472782.05
2011-12-23,1.86666,1.86666,1.83466,1.8599999999999999,8870850,27.9,0.47,15736628.3
2011-12-27,1.844,1.918,1.84266,1.90466,11661044,28.5699,2.4,15808837.5
2011-12-28,1.9326599999999998,1.9493,1.86934,1.9006599999999998,8627070,28.5099,-0.21,15796900.5
2011-12-29,1.906,1.956,1.90326,1.91534,7322250,28.7301,0.77,15592289.25
2011-12-30,1.89934,1.932,1.88334,1.904,5097900,28.56,-0.59,15074603.3
2012-01-03,1.92934,1.96666,1.8433399999999998,1.8719999999999999,13920779,28.08,-1.68,15168603.8
2012-01-04,1.88066,1.91134,1.83334,1.84734,9450540,27.7101,-1.32,14771093.35
2012-01-05,1.8506599999999997,1.8619999999999999,1.79,1.808,15081479,27.12,-2.13,14811309.85
2012-01-06,1.81334,1.85266,1.76066,1.794,14794304,26.91,-0.77,15045342.05
2012-01-09,1.8,1.83266,1.74134,1.81666,13454264,27.2499,1.27,13238596.6
2012-01-10,1.82934,1.8506599999999997,1.81666,1.84134,10075980,27.6201,1.35,12812812.65
2012-01-11,1.84134,1.892,1.82,1.882,10083585,28.23,2.21,12747999.15
2012-01-12,1.89866,1.9080000000000001,1.8536599999999999,1.88334,10939500,28.2501,0.07,12549462.95
2012-01-13,1.8933399999999998,1.9,1.50934,1.51934,82596566,22.7901,-19.33,15806411.3
2012-01-17,1.7746600000000001,1.82266,1.76066,1.7733400000000001,69785787,26.6001,16.72,18770504.9
2012-01-18,1.7793400000000001,1.7919999999999998,1.75,1.78734,18902744,26.8101,0.79,18943438.4
2012-01-19,1.8126600000000002,1.84934,1.774,1.784,18693329,26.76,-0.18,19137890.9
2012-01-20,1.79334,1.8,1.7599999999999998,1.7733400000000001,9934335,26.6001,-0.6,19001321.95
2012-01-23,1.78734,1.814,1.7733400000000001,1.78466,8917995,26.7699,0.64,18167866.5
2012-01-24,1.77534,1.84534,1.7626600000000001,1.828,12868709,27.42,2.43,18053950.5
2012-01-25,1.8179999999999998,1.86734,1.80334,1.86466,9166680,27.9699,2.01,18068742.0
2012-01-26,1.87134,1.9719999999999998,1.86666,1.92934,19065419,28.9401,3.46,18438960.75